sku,barcode,product_name,brand,category,subcategory,pack_size,unit,supplier,min_sell_price,notes,source_file,cost_per_carton,packs_per_carton,target_margin_pct,review_sold
,,John Player Bold KS 10x20,,cigarettes,,20s,pack,ITC,,,master_cigarette_sheet.xlsx,150.73,10.0,0.1,REVIEW
,,John Player Bold KS 8x25,,cigarettes,,25s,pack,ITC,,,master_cigarette_sheet.xlsx,150.73,8.0,0.1,REVIEW
,,John Player Bold RG 10x20,,cigarettes,,20s,pack,ITC,,,master_cigarette_sheet.xlsx,150.73,10.0,0.1,REVIEW
,,John Player Bold RG 8x25,,cigarettes,,25s,pack,ITC,,,master_cigarette_sheet.xlsx,150.73,8.0,0.1,REVIEW
,,John Player Smooth KS 10x20,,cigarettes,,20s,pack,ITC,,,master_cigarette_sheet.xlsx,150.73,10.0,0.1,REVIEW
,,John Player Smooth KS 8x25,,cigarettes,,25s,pack,ITC,,,master_cigarette_sheet.xlsx,150.73,8.0,0.1,REVIEW
,,John Player Smooth RG 10x20,,cigarettes,,20s,pack,ITC,,,master_cigarette_sheet.xlsx,150.73,10.0,0.1,REVIEW
,,John Player Smooth RG 8x25,,cigarettes,,25s,pack,ITC,,,master_cigarette_sheet.xlsx,150.73,8.0,0.1,REVIEW
,,Marlboro KS 10x20,,cigarettes,,20s,pack,ITC,,,master_cigarette_sheet.xlsx,149.54,10.0,0.1,REVIEW
,,Marlboro KS 8x25,,cigarettes,,25s,pack,ITC,,,master_cigarette_sheet.xlsx,149.54,8.0,0.1,REVIEW
,,Marlboro Smooth KS 10x20,,cigarettes,,20s,pack,ITC,,,master_cigarette_sheet.xlsx,149.54,10.0,0.1,REVIEW
,,Marlboro Smooth KS 8x25,,cigarettes,,25s,pack,ITC,,,master_cigarette_sheet.xlsx,149.54,8.0,0.1,REVIEW
,,Match K20,,cigarettes,,20s,pack,ITC,,,master_cigarette_sheet.xlsx,84.72,10.0,0.1,
,,Match K25,,cigarettes,,25s,pack,ITC,,,master_cigarette_sheet.xlsx,84.72,8.0,0.1,
,,Matinee Chic K20,,cigarettes,,20s,pack,ITC,,,master_cigarette_sheet.xlsx,84.72,10.0,0.1,
,,Matinee Chic K25,,cigarettes,,25s,pack,ITC,,,master_cigarette_sheet.xlsx,84.72,8.0,0.1,
,,Pall Mall Bold Extra KS 10x20,,cigarettes,,20s,pack,ITC,,,master_cigarette_sheet.xlsx,117.72,10.0,0.1,REVIEW
,,Pall Mall Bold Extra KS 8x25,,cigarettes,,25s,pack,ITC,,,master_cigarette_sheet.xlsx,117.72,8.0,0.1,REVIEW
,,Pall Mall Bold KS 10x20,,cigarettes,,20s,pack,ITC,,,master_cigarette_sheet.xlsx,117.72,10.0,0.1,REVIEW
,,Pall Mall Bold KS 8x25,,cigarettes,,25s,pack,ITC,,,master_cigarette_sheet.xlsx,117.72,8.0,0.1,REVIEW
,,Pall Mall Bold RG 10x20,,cigarettes,,20s,pack,ITC,,,master_cigarette_sheet.xlsx,117.72,10.0,0.1,REVIEW
,,Pall Mall Bold RG 8x25,,cigarettes,,25s,pack,ITC,,,master_cigarette_sheet.xlsx,117.72,8.0,0.1,REVIEW
,,Pall Mall Full KS 10x20,,cigarettes,,20s,pack,ITC,,,master_cigarette_sheet.xlsx,117.72,10.0,0.1,REVIEW
,,Pall Mall Full KS 8x25,,cigarettes,,25s,pack,ITC,,,master_cigarette_sheet.xlsx,117.72,8.0,0.1,REVIEW
,,Pall Mall Full RG 10x20,,cigarettes,,20s,pack,ITC,,,master_cigarette_sheet.xlsx,117.72,10.0,0.1,REVIEW
,,Pall Mall Full RG 8x25,,cigarettes,,25s,pack,ITC,,,master_cigarette_sheet.xlsx,117.72,8.0,0.1,REVIEW
,,Pall Mall Smooth Extra KS 10x20,,cigarettes,,20s,pack,ITC,,,master_cigarette_sheet.xlsx,117.72,10.0,0.1,REVIEW
,,Pall Mall Smooth Extra KS 8x25,,cigarettes,,25s,pack,ITC,,,master_cigarette_sheet.xlsx,117.72,8.0,0.1,REVIEW
,,Pall Mall Smooth KS 10x20,,cigarettes,,20s,pack,ITC,,,master_cigarette_sheet.xlsx,117.72,10.0,0.1,REVIEW
,,Pall Mall Smooth KS 8x25,,cigarettes,,25s,pack,ITC,,,master_cigarette_sheet.xlsx,117.72,8.0,0.1,REVIEW
,,Pall Mall Smooth RG 10x20,,cigarettes,,20s,pack,ITC,,,master_cigarette_sheet.xlsx,117.72,10.0,0.1,REVIEW
,,Pall Mall Smooth RG 8x25,,cigarettes,,25s,pack,ITC,,,master_cigarette_sheet.xlsx,117.72,8.0,0.1,REVIEW
,,Player's Original RG 10x20,,cigarettes,,20s,pack,ITC,,,master_cigarette_sheet.xlsx,162.27,10.0,0.1,REVIEW
,,Player's Original RG 8x25,,cigarettes,,25s,pack,ITC,,,master_cigarette_sheet.xlsx,162.27,8.0,0.1,REVIEW
,,du Maurier Distinct Plus KS 10x20,,cigarettes,,20s,pack,ITC,,,master_cigarette_sheet.xlsx,153.77,10.0,0.1,REVIEW
,,du Maurier Distinct Plus KS 8x25,,cigarettes,,25s,pack,ITC,,,master_cigarette_sheet.xlsx,153.77,8.0,0.1,REVIEW
,,du Maurier Distinct RG 10x20,,cigarettes,,20s,pack,ITC,,,master_cigarette_sheet.xlsx,153.77,10.0,0.1,REVIEW
,,du Maurier Distinct RG 8x25,,cigarettes,,25s,pack,ITC,,,master_cigarette_sheet.xlsx,153.77,8.0,0.1,REVIEW
,,du Maurier Signature KS 10x20,,cigarettes,,20s,pack,ITC,,,master_cigarette_sheet.xlsx,153.77,10.0,0.1,REVIEW
,,du Maurier Signature KS 8x25,,cigarettes,,25s,pack,ITC,,,master_cigarette_sheet.xlsx,153.77,8.0,0.1,REVIEW
,,du Maurier Signature RG 10x20,,cigarettes,,20s,pack,ITC,,,master_cigarette_sheet.xlsx,153.77,10.0,0.1,REVIEW
,,du Maurier Signature RG 8x25,,cigarettes,,25s,pack,ITC,,,master_cigarette_sheet.xlsx,153.77,8.0,0.1,REVIEW
,,du Maurier Smooth KS 10x20,,cigarettes,,20s,pack,ITC,,,master_cigarette_sheet.xlsx,153.77,10.0,0.1,REVIEW
,,du Maurier Smooth KS 8x25,,cigarettes,,25s,pack,ITC,,,master_cigarette_sheet.xlsx,153.77,8.0,0.1,REVIEW
,,du Maurier Smooth RG 10x20,,cigarettes,,20s,pack,ITC,,,master_cigarette_sheet.xlsx,153.77,10.0,0.1,REVIEW
,,du Maurier Smooth RG 8x25,,cigarettes,,25s,pack,ITC,,,master_cigarette_sheet.xlsx,153.77,8.0,0.1,REVIEW
,,Camel Original KS20,,cigarettes,,20s,pack,JTI,,,master_cigarette_sheet.xlsx,111.11,10.0,0.1,
,,Camel Original KS25,,cigarettes,,25s,pack,JTI,,,master_cigarette_sheet.xlsx,111.11,8.0,0.1,
,,Export A Fine KS25,,cigarettes,,25s,pack,JTI,,,master_cigarette_sheet.xlsx,145.41,8.0,0.1,
,,Export A Fine RG25,,cigarettes,,25s,pack,JTI,,,master_cigarette_sheet.xlsx,145.41,8.0,0.1,
,,LD Smooth KS20,,cigarettes,,20s,pack,JTI,,,master_cigarette_sheet.xlsx,111.11,10.0,0.1,
,,LD Std Bold KS20,,cigarettes,,20s,pack,JTI,,,master_cigarette_sheet.xlsx,111.11,10.0,0.1,
,,LD Std Bold KS25,,cigarettes,,25s,pack,JTI,,,master_cigarette_sheet.xlsx,111.11,8.0,0.1,
,,Macdonald Original KS20,,cigarettes,,20s,pack,JTI,,,master_cigarette_sheet.xlsx,116.44,10.0,0.1,
,,Macdonald Original KS25,,cigarettes,,25s,pack,JTI,,,master_cigarette_sheet.xlsx,115.44,8.0,0.1,
,,B&H Deluxe KS 20 S&S,,cigarettes,,20s,pack,RBH,,,master_cigarette_sheet.xlsx,150.94,10.0,0.1,
,,Belmont KS S&S 20,,cigarettes,,20s,pack,RBH,,,master_cigarette_sheet.xlsx,145.93,10.0,0.1,
,,Belmont KS S&S 25,,cigarettes,,25s,pack,RBH,,,master_cigarette_sheet.xlsx,145.93,8.0,0.1,
,,Belmont RS 20,,cigarettes,,20s,pack,RBH,,,master_cigarette_sheet.xlsx,145.93,10.0,0.1,
,,Belmont Select KS 20 S&S,,cigarettes,,20s,pack,RBH,,,master_cigarette_sheet.xlsx,145.93,10.0,0.1,
,,Belmont Select KS S&S 25,,cigarettes,,25s,pack,RBH,,,master_cigarette_sheet.xlsx,145.93,8.0,0.1,
,,Belmont Select RS 20,,cigarettes,,20s,pack,RBH,,,master_cigarette_sheet.xlsx,145.93,10.0,0.1,
,,Belmont Select RS S&S 25,,cigarettes,,25s,pack,RBH,,,master_cigarette_sheet.xlsx,145.93,8.0,0.1,
,,Benson and Hedges KS 25,,cigarettes,,25s,pack,RBH,,,master_cigarette_sheet.xlsx,150.94,8.0,0.1,
,,Next KS 20,,cigarettes,,20s,pack,RBH,,,master_cigarette_sheet.xlsx,114.11,10.0,0.1,
,,Next KS 25,,cigarettes,,25s,pack,RBH,,,master_cigarette_sheet.xlsx,114.11,8.0,0.1,
,,Next P M Original KS S&S 20,,cigarettes,,20s,pack,RBH,,,master_cigarette_sheet.xlsx,114.11,10.0,0.1,
,,Next P M Special KS S&S 20,,cigarettes,,20s,pack,RBH,,,master_cigarette_sheet.xlsx,114.11,10.0,0.1,
,,Next RS 25,,cigarettes,,25s,pack,RBH,,,master_cigarette_sheet.xlsx,114.11,8.0,0.1,
,,Next Smooth KS 25,,cigarettes,,25s,pack,RBH,,,master_cigarette_sheet.xlsx,114.11,8.0,0.1,
,,Next Xtra KS 20,,cigarettes,,20s,pack,RBH,,,master_cigarette_sheet.xlsx,114.11,10.0,0.1,
,,Next Xtra KS 25,,cigarettes,,25s,pack,RBH,,,master_cigarette_sheet.xlsx,114.11,8.0,0.1,
