sku,barcode,product_name,brand,category,subcategory,pack_size,unit,supplier,min_sell_price,notes,source_file,cost_price,sell_price,sell_price_credit
,00005880750090,Orville Buttery Microwave Popcorn (492 g × 6 ct),,grocery,Popcorn,,,,,,Scarbro Mart Inventory,,1.69,
,000080052760,Kinder Bueno Chocolate Bar (43 g),,grocery,Chocolate,,,,,,Scarbro Mart Inventory,,2.99,
,000090424014,Red Bull Sugar Free Energy Drink (250 ml),,grocery,Energy,,,,,,Scarbro Mart Inventory,,3.55,
,00041333224015,Duracell AAA Batteries (2 ct),,other,Batteries,,,,,,Scarbro Mart Inventory,,3.99,
,0005000057412,Friskies Flaked Ocean Whitefish Dinner Wet Cat Food (156 g),,other,Cat Food,,,,,,Scarbro Mart Inventory,,1.49,
,00056327006010,Molson Dry Dry Canadian Lager (710 ml),,grocery,Beer,,,,,,Scarbro Mart Inventory,,3.49,
,00063657013151,Jackson-Triggs Pinot Wine (750 ml),,grocery,Wine,,,,,,Scarbro Mart Inventory,,13.1,
,0017082879042,Jack Link's Original Pepperoni (22 g),,grocery,Jerky,,,,,,Scarbro Mart Inventory,,1.33,
,0022600642374,Magnum Original Condoms (3 ct),,other,Intimacy,,,,,,Scarbro Mart Inventory,,3.99,
,003440443505,Reese's Peanut Butter Cups Candy (46 g × 3 ct),,grocery,Chocolate,,,,,,Scarbro Mart Inventory,,1.99,
,0056600000612,Hershey Creamy Milk Chocolate,,grocery,Chocolate,,,,,,Scarbro Mart Inventory,,2.21,
,00689823007412,Pringles Sour Cream & Onion Potato Chips (156 g),,grocery,Chips,,,,,,Scarbro Mart Inventory,,4.99,
,009800123018,Ferrero Rocher Chocolate Candies (3 ct),,grocery,Chocolate,,,,,,Scarbro Mart Inventory,,2.74,
,012000002304,Pepsi 710 ml,,grocery,Soda,,,,,,Scarbro Mart Inventory,,2.99,
,012000002311,Pepsi Diet Soda,,grocery,Soda,,,,,,Scarbro Mart Inventory,,1.33,
,012000018794,Pepsi (355 ml),,grocery,Soda,,,,,,Scarbro Mart Inventory,,1.33,
,01289903,Mug Root Beer (355 ml),,grocery,Soda,,,,,,Scarbro Mart Inventory,,1.33,
,016800088001,Royal Oak Star Grill Charcoal (4 kg),,other,Camping,,,,,,Scarbro Mart Inventory,,1.33,
,017082890122,Jack Link's Hot Pepperoni (22 g),,grocery,Jerky,,,,,,Scarbro Mart Inventory,,1.33,
,018200000188,Budweiser American Lager Cans (473 ml x 6 ct),,grocery,Beer,,,,,,Scarbro Mart Inventory,,17.49,
,018200004261,Busch Bullet Strong Beer (222 ml × 4 ct),,grocery,Beer,,,,,,Scarbro Mart Inventory,,5.29,
,018200004735,Budweiser American Lager (473 ml),,grocery,Beer,,,,,,Scarbro Mart Inventory,,2.99,
,022000105080,5 Spearmint Gum (Rain),,grocery,Gum & Mints,,,,,,Scarbro Mart Inventory,,2.99,
,022100002890,Pabst Blue Ribbon Lager (6 ct),,grocery,Beer,,,,,,Scarbro Mart Inventory,,2.49,
,022600020158,Magnum XL Condoms (3 ct),,other,Intimacy,,,,,,Scarbro Mart Inventory,,3.99,
,025000053818,Lemonade Drink (2 L),,grocery,Juice,,,,,,Scarbro Mart Inventory,,3.99,
,028400009973,Miss Vickie's Original Recipe Kettle Chips,,grocery,Chips,,,,,,Scarbro Mart Inventory,,5.49,
,028400012553,Miss Vickie's Jalapeño Kettle Chips,,grocery,Chips,,,,,,Scarbro Mart Inventory,,5.49,
,028400033329,Ruffles Onion Dip (9 oz),,grocery,Salsa & Dips,,,,,,Scarbro Mart Inventory,,5.39,
,028400085168,Ruffles Sour Cream & Bacon Potato Chips (8.5 oz),,grocery,Chips,,,,,,Scarbro Mart Inventory,,5.39,
,028400152976,Doritos Nacho Cheese Tortilla Chips (1.38 oz),,grocery,Chips,,,,,,Scarbro Mart Inventory,,1.0,
,028400159630,Ruffles Sour Cream & Onion Potato Chips (8.5 oz),,grocery,Chips,,,,,,Scarbro Mart Inventory,,5.39,
,028400443616,Lay's Sour Cream & Onion Potato Chips (235 g),,grocery,Chips,,,,,,Scarbro Mart Inventory,,4.99,
,028400645492,Lay's Classic Potato Chips (10.5 oz),,grocery,Chips,,,,,,Scarbro Mart Inventory,,4.99,
,034000296057,Kitkat Chocolate Bar,,grocery,Chocolate,,,,,,Scarbro Mart Inventory,,1.99,
,035000509000,Colgate Cavity Protection Toothpaste,,other,Oral Health,,,,,,Scarbro Mart Inventory,,2.99,
,037000655176,Bounty Plus Single Roll Paper Towel,,other,Paper & Plastic,,,,,,Scarbro Mart Inventory,,3.99,
,038000138546,Pringles BBQ Potato Chips (Large Can),,grocery,Chips,,,,,,Scarbro Mart Inventory,,4.99,
,038000138607,Pringles Salt & Vinegar Potato Chips,,grocery,Chips,,,,,,Scarbro Mart Inventory,,4.99,
,038000845260,Pringles Cheddar Potato Chips,,grocery,Chips,,,,,,Scarbro Mart Inventory,,4.99,
,041333214016,Duracell Batteries (2 ct),,other,Batteries,,,,,,Scarbro Mart Inventory,,3.99,
,041333415017,Duracell AA Batteries (4 ct),,other,Batteries,,,,,,Scarbro Mart Inventory,,7.99,
,041333424019,Duracell AAA Batteries (4 ct),,other,Batteries,,,,,,Scarbro Mart Inventory,,7.99,
,047400241459,Gillette Foamy Creamy Sensitive Shaving Cream (311 g),,other,Shaving,,,,,,Scarbro Mart Inventory,,6.99,
,049000042580,Coca-Cola Zero (2 L),,grocery,Soda,,,,,,Scarbro Mart Inventory,,4.44,
,049000042849,Coca Cola Zero (355 ml),,grocery,Soda,,,,,,Scarbro Mart Inventory,,1.33,
,049000047844,Fanta Orange Soda (355 ml),,grocery,Soda,,,,,,Scarbro Mart Inventory,,1.33,
,049000050103,Coca Cola Soda (2 L),,grocery,Soda,,,,,,Scarbro Mart Inventory,,4.44,
,049000050110,Coca-Cola Diet Coke (2 L),,grocery,Soda,,,,,,Scarbro Mart Inventory,,4.44,
,049000050257,Fanta Orange Soda (2 L),,grocery,Soda,,,,,,Scarbro Mart Inventory,,4.44,
,049000051390,Coca Cola Classic (710 ml),,grocery,Soda,,,,,,Scarbro Mart Inventory,,2.99,
,049000075106,Coke Diet Soda (355 ml),,grocery,Soda,,,,,,Scarbro Mart Inventory,,1.33,
,050000292356,Friskies Ocean Whitefish & Tuna Dinner Pate Wet Cat Food (156 g),,other,Cat Food,,,,,,Scarbro Mart Inventory,,1.49,
,050000293346,Friskies Salmon Gravy Sauce Wet Cat Food (156 g),,other,Cat Food,,,,,,Scarbro Mart Inventory,,1.77,
,050000412204,Friskies Turkey Cheese Dinner Shredded Wet Cat Food (156 g),,other,Cat Food,,,,,,Scarbro Mart Inventory,,1.49,
,050000421541,Friskies Chicken Dinner Pate (156 g),,other,Cat Food,,,,,,Scarbro Mart Inventory,,1.49,
,050000423347,Friskies Salmon Dinner Pate (156 g),,other,Cat Food,,,,,,Scarbro Mart Inventory,,1.77,
,052000324815,Gatorade Cool Blue (591 ml),,grocery,Sports,,,,,,Scarbro Mart Inventory,,2.99,
,052000328660,Gatorade Fruit Punch Sports Drink (591 ml),,grocery,Sports,,,,,,Scarbro Mart Inventory,,2.99,
,052000328684,Gatorade Lemon-Lime Sports Drink (591 ml),,grocery,Sports,,,,,,Scarbro Mart Inventory,,2.99,
,052300000242,Old Milwaukee Lager (473 ml × 6 ct),,grocery,Beer,,,,,,Scarbro Mart Inventory,,12.75,
,055000971478,Crush Grape Soda (355 ml),,grocery,Soda,,,,,,Scarbro Mart Inventory,,1.33,
,056000006856,Crush Cream Soda (355 ml),,grocery,Soda,,,,,,Scarbro Mart Inventory,,1.33,
,056327014145,Molson Dry Canadian Cold Shot Beer (222 ml × 4 ct),,grocery,Beer,,,,,,Scarbro Mart Inventory,,5.49,
,056327014336,Coors Light Lager (473 ml),,grocery,Beer,,,,,,Scarbro Mart Inventory,,2.99,
,056327014930,"AriZona Hard Real Brewed Green Tea, Ginseng-Honey (473 ml)",,grocery,Seltzers & More,,,,,,Scarbro Mart Inventory,,3.39,
,056327016262,Carling Ice Beer (473 ml),,grocery,Beer,,,,,,Scarbro Mart Inventory,,2.99,
,056327703414,Molson Dry Dry Jumbo Lager (710 ml),,grocery,Beer,,,,,,Scarbro Mart Inventory,,3.49,
,056366006965,Friskies Chef's Dinner Pate Wet Cat Food (156 g),,other,Cat Food,,,,,,Scarbro Mart Inventory,,1.498,
,057379121058,Naya Water (1.5 L),,grocery,Still Water,,,,,,Scarbro Mart Inventory,,2.65,
,057379600119,Naya Water (600 ml),,grocery,Still Water,,,,,,Scarbro Mart Inventory,,1.32,
,058496328733,Mars Chocolate Bar,,grocery,Chocolate,,,,,,Scarbro Mart Inventory,,1.99,
,058496493271,M&M's Minis Chocolate Candy (50 g),,grocery,Chocolate,,,,,,Scarbro Mart Inventory,,2.49,
,059491000778,Mr.Noodle Spicy Chicken Instant Noodle (85 g),,other,Easy Heat,,,,,,Scarbro Mart Inventory,,1.0,
,059491100508,Mr. Noodles Chicken Instant Noodles (85 g),,other,Easy Heat,,,,,,Scarbro Mart Inventory,,1.0,
,060410001099,Lay's Bar-B-Q Potato Chips (235 g),,grocery,Chips,,,,,,Scarbro Mart Inventory,,4.99,
,060410010921,Lay's Ketchup Potato Chips (Family Size),,grocery,Chips,,,,,,Scarbro Mart Inventory,,4.99,
,061200000542,Cadbury Caramilk Chocolate Bar (50 g),,grocery,Chocolate,,,,,,Scarbro Mart Inventory,,1.99,
,062067000495,Labatt Blue Beer Can (473 ml),,grocery,Beer,,,,,,Scarbro Mart Inventory,,2.49,
,062067382338,Corona Extra Beer (473 ml),,grocery,Beer,,,,,,Scarbro Mart Inventory,,3.99,
,062067382406,Corona Extra Can (473 ml × 6 ct),,grocery,Beer,,,,,,Scarbro Mart Inventory,,22.49,
,062100008959,Canada Dry Low Sodium Club Soda (355 ml),,grocery,Mixers,,,,,,Scarbro Mart Inventory,,1.33,
,064420001559,Sealtest 2% Milk (1L),,grocery,Milk,,,,,,Scarbro Mart Inventory,,4.99,
,064420201713,Sealtest Chocolate Milk (473 ml),,grocery,Flavored Milk,,,,,,Scarbro Mart Inventory,,1.99,
,066188004698,Maxwell House Original Roast Instant Coffee (150 g),,grocery,Coffee,,,,,,Scarbro Mart Inventory,,8.99,
,06700010403,Coke Diet Soda (710 ml),,grocery,Soda,,,,,,Scarbro Mart Inventory,,2.99,
,067000104831,Coca Cola Original (355 ml),,grocery,Soda,,,,,,Scarbro Mart Inventory,,1.33,
,068100069695,Crush Orange Soda (710 ml),,grocery,Soda,,,,,,Scarbro Mart Inventory,,2.99,
,068721002222,Dempster's White Bread,,grocery,Bread,,,,,,Scarbro Mart Inventory,,3.5,
,069000009840,Pepsi Soda (710 ml),,grocery,Soda,,,,,,Scarbro Mart Inventory,,2.99,
,069000010662,Pepsi Diet Soda (710 ml),,grocery,Soda,,,,,,Scarbro Mart Inventory,,2.99,
,069000014288,Pepsi Diet Soda (355 ml),,grocery,Soda,,,,,,Scarbro Mart Inventory,,1.33,
,070074641157,Ensure High Protein Chocolate Drink (8 fl oz),,grocery,Nutrition & Shakes,,,,,,Scarbro Mart Inventory,,3.31,
,070074641188,Ensure High Protein Vanilla Drink (8 oz),,grocery,Nutrition & Shakes,,,,,,Scarbro Mart Inventory,,3.31,
,070074665474,Ensure High Protein Strawberry Drink (8 fl oz),,grocery,Nutrition & Shakes,,,,,,Scarbro Mart Inventory,,3.31,
,070847012474,Monster Zero Ultra Energy Drink ((473 ml)),,grocery,Energy,,,,,,Scarbro Mart Inventory,,3.99,
,073096300088,Panasonic AAA Batteries (4 ct),,other,Batteries,,,,,,Scarbro Mart Inventory,,2.99,
,073096500235,Panasonic AA Batteries (4 ct),,other,Batteries,,,,,,Scarbro Mart Inventory,,2.99,
,07425103385381,Mr. Noodles Beef Instant Noodles (85 g),,other,Easy Heat,,,,,,Scarbro Mart Inventory,,1.0,
,078000001686,Canada Dry Ginger Ale (710 ml),,grocery,Soda,,,,,,Scarbro Mart Inventory,,2.99,
,078000013368,Crush Orange Soda,,grocery,Soda,,,,,,Scarbro Mart Inventory,,1.33,
,078000082081,Dr Pepper Root Beer 2L,,grocery,Soda,,,,,,Scarbro Mart Inventory,,3.99,
,078000082463,Dr Pepper Soda 355 ml,,grocery,Soda,,,,,,Scarbro Mart Inventory,,1.55,
,078000146455,Canada Dry Club Soda (2 L),,grocery,Mixers,,,,,,Scarbro Mart Inventory,,4.44,
,078000152166,Canada Dry Ginger Ale (355 ml),,grocery,Soda,,,,,,Scarbro Mart Inventory,,1.33,
,078000152463,Canada Dry Ginger Ale (2 L),,grocery,Soda,,,,,,Scarbro Mart Inventory,,4.44,
,079298000191,Évian Natural Spring Water (0.5 L),,grocery,Still Water,,,,,,Scarbro Mart Inventory,,1.5,
,083900003852,Nestea Lemon Iced Tea (355 ml),,grocery,Tea,,,,,,Scarbro Mart Inventory,,1.33,
,40000004453,Twix Chocolate Bar (1.76 oz),,grocery,Chocolate,,,,,,Scarbro Mart Inventory,,1.99,
,4118712,Tic Tac Original White Mints (29 g),,grocery,Gum & Mints,,,,,,Scarbro Mart Inventory,,2.25,
,4800024576040,Del Monte Mango Nectar (1 L),,grocery,Juice,,,,,,Scarbro Mart Inventory,,3.5,
,57483015503,Sunny D Tangy Original Juice (500 ml),,grocery,Juice,,,,,,Scarbro Mart Inventory,,1.99,
,57483015527,Sunny D Orange Strawberry Juice (500 ml),,grocery,Juice,,,,,,Scarbro Mart Inventory,,1.99,
,59800000116,Aero Original Chocolate,,grocery,Chocolate,,,,,,Scarbro Mart Inventory,,2.21,
,613008718763,AriZona Fruit Punch (680 ml),,grocery,Juice,,,,,,Scarbro Mart Inventory,,2.43,
,613008720209,AriZona Watermelon Bottled Tea (680 ml),,grocery,Tea,,,,,,Scarbro Mart Inventory,,2.66,
,613008766740,AriZona Green Tea (680 ml),,grocery,Tea,,,,,,Scarbro Mart Inventory,,3.31,
,620154112994,Medium Spicy Beef Patty,,grocery,Beef,,,,,,Scarbro Mart Inventory,,2.21,
,632565000029,FIJI Water (500 ml),,grocery,Still Water,,,,,,Scarbro Mart Inventory,,2.5,
,64900000516,Skittles Original Bite Size Candies (191 g),,grocery,Fruity,,,,,,Scarbro Mart Inventory,,4.99,
,67000003666,Sprite (710 ml),,grocery,Soda,,,,,,Scarbro Mart Inventory,,2.99,
,689822939677,Pringles Pizza Potato Chips (156 g),,grocery,Chips,,,,,,Scarbro Mart Inventory,,4.99,
,721864862039,Kinder Surprise Egg,,grocery,Chocolate,,,,,,Scarbro Mart Inventory,,2.25,
,811955011016,Aloe Vera Original Drink (500 ml),,grocery,Juice,,,,,,Scarbro Mart Inventory,,3.31,
,812475012255,Aloe Vera Mango Juice (500 ml),,grocery,Juice,,,,,,Scarbro Mart Inventory,,3.31,
,8801073113428,Buldak Spicy Chicken Flavor Instant Noodles (140 g),,other,Easy Heat,,,,,,Scarbro Mart Inventory,,3.49,
,056327004948,Rickard's Red Ale (473 ml),,grocery,Beer,,,,,,Scarbro Mart Inventory,,3.99,
,062067382178,Stella Artois (473 ml),,grocery,Beer,,,,,,Scarbro Mart Inventory,,3.49,
,062067382161,Stella Artois (473 ml × 6 ct),,grocery,Beer,,,,,,Scarbro Mart Inventory,,20.89,
,062067382345,Corona Extra Lager (473 ml × 6 ct),,grocery,Beer,,,,,,Scarbro Mart Inventory,,22.49,
,702915003014,Steam Whistle Pilsner (473 ml),,grocery,Beer,,,,,,Scarbro Mart Inventory,,3.89,
,,Heineken Lager (473 ml),,grocery,Beer,,,,,,Scarbro Mart Inventory,,3.49,
,,Heineken Lager (473 ml × 6 ct),,grocery,Beer,,,,,,Scarbro Mart Inventory,,20.79,
,062067333538,Labatt Maximum Ice (473 ml),,grocery,Beer,,,,,,Scarbro Mart Inventory,,2.99,
,062067567353,Bud Light (473 ml),,grocery,Beer,,,,,,Scarbro Mart Inventory,,2.99,
,062067567384,Bud Light (473 ml × 6 ct),,grocery,Beer,,,,,,Scarbro Mart Inventory,,17.79,
,776029701548,Moosehead Lager (473 ml),,grocery,Beer,,,,,,Scarbro Mart Inventory,,2.99,
,776029703092,Moosehead Lager (473 ml × 6 ct),,grocery,Beer,,,,,,Scarbro Mart Inventory,,17.89,
,056327073937,Molson Canadian (473 ml),,grocery,Beer,,,,,,Scarbro Mart Inventory,,2.99,
,056327007949,Molson Canadian (473 ml × 6 ct),,grocery,Beer,,,,,,Scarbro Mart Inventory,,17.79,
,062067335358,Budweiser (473 ml),,grocery,Beer,,,,,,Scarbro Mart Inventory,,2.99,
,062067335389,Budweiser (473 ml × 6 ct),,grocery,Beer,,,,,,Scarbro Mart Inventory,,17.49,
,056327263932,Carling Ice (473 ml),,grocery,Beer,,,,,,Scarbro Mart Inventory,,2.99,
,620707101970,Laker Red (473 ml),,grocery,Beer,,,,,,Scarbro Mart Inventory,,2.49,
,056327004146,Carling Lager (473 ml),,grocery,Beer,,,,,,Scarbro Mart Inventory,,2.49,
,056327016224,Carling Lager (473 ml × 6 ct),,grocery,Beer,,,,,,Scarbro Mart Inventory,,14.89,
,056910406470,Pabst Blue Ribbon 5.9% (473 ml),,grocery,Beer,,,,,,Scarbro Mart Inventory,,2.49,
,056910414734,Pabst Blue Ribbon 5.9% (473 ml × 6 ct),,grocery,Beer,,,,,,Scarbro Mart Inventory,,14.91,
,062067376191,Busch Ice 6.0% (473 ml),,grocery,Beer,,,,,,Scarbro Mart Inventory,,2.59,
,062067423222,Busch Ice 6.0% (473 ml × 6 ct),,grocery,Beer,,,,,,Scarbro Mart Inventory,,15.49,
,062067351358,Labatt Blue (473 ml),,grocery,Beer,,,,,,Scarbro Mart Inventory,,2.49,
,062067380624,Labatt Blue (473 ml × 6 ct),,grocery,Beer,,,,,,Scarbro Mart Inventory,,14.9,
,062067860539,Lowenbrau Original (473 ml),,grocery,Beer,,,,,,Scarbro Mart Inventory,,2.49,
,062067423246,Lowenbrau Original (473 ml × 6 ct),,grocery,Beer,,,,,,Scarbro Mart Inventory,,14.9,
,,DAB Original (473 ml × 6 ct),,grocery,Beer,,,,,,Scarbro Mart Inventory,,15.37,
,056910401338,Old Milwaukee (473 ml),,grocery,Beer,,,,,,Scarbro Mart Inventory,,2.49,
,056910401345,Old Milwaukee (473 ml × 6 ct),,grocery,Beer,,,,,,Scarbro Mart Inventory,,13.99,
,056910402502,Old Milwaukee Ice (473 ml),,grocery,Beer,,,,,,Scarbro Mart Inventory,,2.49,
,056910402540,Old Milwaukee Ice (473 ml × 6 ct),,grocery,Beer,,,,,,Scarbro Mart Inventory,,13.99,
,070310001578,Laker Lager (473 ml),,grocery,Beer,,,,,,Scarbro Mart Inventory,,2.49,
,620707554462,Laker Lager (473 ml × 6 ct),,grocery,Beer,,,,,,Scarbro Mart Inventory,,13.99,
,,Heineken Lager (330 ml),,grocery,Beer,,,,,,Scarbro Mart Inventory,,2.49,
,,Heineken Lager (330 ml × 6 ct),,grocery,Beer,,,,,,Scarbro Mart Inventory,,20.49,
,070310001707,Laker Ice (473 ml),,grocery,Beer,,,,,,Scarbro Mart Inventory,,2.49,
,620707106586,Laker Ice (473 ml × 6 ct),,grocery,Beer,,,,,,Scarbro Mart Inventory,,12.74,
,062067423529,Busch Bullet (222 ml × 4 ct),,grocery,Beer,,,,,,Scarbro Mart Inventory,,5.49,
,,Guinness Draught Stout (440 ml × 4 ct),,grocery,Beer,,,,,,Scarbro Mart Inventory,,14.98,
,,Guinness Draught Stout (440 ml),,grocery,Beer,,,,,,Scarbro Mart Inventory,,3.79,
,056910605002,Sapporo Premium (500 ml),,grocery,Beer,,,,,,Scarbro Mart Inventory,,3.89,
,056910605064,Sapporo Premium (500 ml × 6 ct),,grocery,Beer,,,,,,Scarbro Mart Inventory,,14.99,
,5741000500057,Faxe Amber Lager (473 ml),,grocery,Beer,,,,,,Scarbro Mart Inventory,,2.49,
,056327183933,Coors Light (473 ml),,grocery,Beer,,,,,,Scarbro Mart Inventory,,2.99,
,,Coors Seltzer Slushie Green Apple (473 ml),,grocery,Beer,,,,,,Scarbro Mart Inventory,,3.49,
,,Tiger Lager (473 ml),,grocery,Beer,,,,,,Scarbro Mart Inventory,,3.59,
,,Red Stripe Lager (330 ml × 6 ct),,grocery,Beer,,,,,,Scarbro Mart Inventory,,17.49,
,056327006010,Molson Canadian (710 ml),,grocery,Beer,,,,,,Scarbro Mart Inventory,,4.87,
,062067335709,Budweiser (710 ml),,grocery,Beer,,,,,,Scarbro Mart Inventory,,4.97,
,776029701685,James Ready 5.5 (473 ml),,grocery,Beer,,,,,,Scarbro Mart Inventory,,2.61,
,056327007956,Coors Light (473 ml × 6 ct),,grocery,Beer,,,,,,Scarbro Mart Inventory,,18.6,
,062067547539,Michelob Ultra (473 ml × 6 ct),,grocery,Beer,,,,,,Scarbro Mart Inventory,,14.58,
,,Jameson Whiskey Lemonade (473 ml),,grocery,Seltzers & More,,,,,,Scarbro Mart Inventory,,3.89,
,,White Claw Hard Seltzer Blackberry (473 ml),,grocery,Seltzers & More,,,,,,Scarbro Mart Inventory,,3.49,
,,White Claw Hard Seltzer Mango (473 ml),,grocery,Seltzers & More,,,,,,Scarbro Mart Inventory,,3.49,
,,White Claw Hard Seltzer Natural Lime (473 ml),,grocery,Seltzers & More,,,,,,Scarbro Mart Inventory,,3.49,
,,Mike's Harder Strawberry 7% (473 ml),,grocery,Seltzers & More,,,,,,Scarbro Mart Inventory,,3.49,
,,Mike's Harder Lemonade (473 ml),,grocery,Seltzers & More,,,,,,Scarbro Mart Inventory,,3.49,
,,Mike's Harder Blue Freeze (473 ml),,grocery,Seltzers & More,,,,,,Scarbro Mart Inventory,,3.49,
,,Twisted Tea Original (473 ml),,grocery,Seltzers & More,,,,,,Scarbro Mart Inventory,,3.49,
,,Twisted Tea Peach (473 ml),,grocery,Seltzers & More,,,,,,Scarbro Mart Inventory,,3.49,
,,Twisted Tea Extreme Lemon (473 ml),,grocery,Seltzers & More,,,,,,Scarbro Mart Inventory,,3.49,
,,Black Fly Tequila Sunrise Cocktail (473 ml),,grocery,Seltzers & More,,,,,,Scarbro Mart Inventory,,3.49,
,,Black Fly Vodka Crushed Black Cherry (473 ml),,grocery,Seltzers & More,,,,,,Scarbro Mart Inventory,,3.49,
,,Black Fly Vodka Crushed Orange (473 ml),,grocery,Seltzers & More,,,,,,Scarbro Mart Inventory,,3.49,
,056327019621,Arizona Hard Green Tea (473 ml),,grocery,Seltzers & More,,,,,,Scarbro Mart Inventory,,3.39,
,056327017825,Arizona Hard Green Tea Lemon (473 ml),,grocery,Seltzers & More,,,,,,Scarbro Mart Inventory,,3.39,
,,Smirnoff Ice Tall Can (473 ml),,grocery,Seltzers & More,,,,,,Scarbro Mart Inventory,,3.19,
,,Black Fly Vodka Cranberry (4-pack pet bottles),,grocery,Seltzers & More,,,,,,Scarbro Mart Inventory,,11.99,
,056327023048,Molson Cold Shot Max 7.1% (473 ml),,grocery,Seltzers & More,,,,,,Scarbro Mart Inventory,,2.99,
,,Black Fly Vodka Sour Raspberry (473 ml),,grocery,Seltzers & More,,,,,,Scarbro Mart Inventory,,3.49,
,,Captain Morgan Mango Mai Tai (473 ml),,grocery,Seltzers & More,,,,,,Scarbro Mart Inventory,,2.99,
,,Sun Cruiser Classic Iced Tea (473 ml),,grocery,Seltzers & More,,,,,,Scarbro Mart Inventory,,3.49,
,,Rev PET (473 ml),,grocery,Seltzers & More,,,,,,Scarbro Mart Inventory,,2.99,
,,Crown Royal Whisky & Cola (473 ml),,grocery,Seltzers & More,,,,,,Scarbro Mart Inventory,,3.49,
,,Cottage Springs Punched Up Pink Lemonade (473 ml),,grocery,Seltzers & More,,,,,,Scarbro Mart Inventory,,3.59,
,,Flying Monkeys Velvet Bubble Lord Blueberry Sour (473 ml),,grocery,Seltzers & More,,,,,,Scarbro Mart Inventory,,3.99,
,,White Claw Surge Passion Fruit (473 ml),,grocery,Seltzers & More,,,,,,Scarbro Mart Inventory,,3.79,
,,White Claw Surge Blood Orange (473 ml),,grocery,Seltzers & More,,,,,,Scarbro Mart Inventory,,3.79,
,056327024144,Coors Seltzer Grape (473 ml),,grocery,Seltzers & More,,,,,,Scarbro Mart Inventory,,3.59,
,,Mott's Clamato Caesar Original (473 ml),,grocery,Seltzers & More,,,,,,Scarbro Mart Inventory,,3.99,
,,Mott's Clamato Caesar Spicy (473 ml),,grocery,Seltzers & More,,,,,,Scarbro Mart Inventory,,3.99,
,,NUTRL Vodka Soda Grape (473 ml),,grocery,Seltzers & More,,,,,,Scarbro Mart Inventory,,3.49,
,,NUTRL Vodka Soda Lemon (473 ml),,grocery,Seltzers & More,,,,,,Scarbro Mart Inventory,,3.49,
,,NUTRL Vodka Soda Blackberry (473 ml),,grocery,Seltzers & More,,,,,,Scarbro Mart Inventory,,3.79,
,,Bask Crisp Rose (750 ml),,grocery,Wine,,,,,,Scarbro Mart Inventory,,13.99,
,,Honest Lot Cabernet Sauvignon (750 ml),,grocery,Wine,,,,,,Scarbro Mart Inventory,,13.99,
,,Jackson-Triggs Cabernet Sauvignon (750 ml),,grocery,Wine,,,,,,Scarbro Mart Inventory,,13.49,
,,Bodacious Smooth Red (750 ml),,grocery,Wine,,,,,,Scarbro Mart Inventory,,11.99,
,889392002676,Celcuis Electric Vibe 355ml,,grocery,Energy,,,,,,Scarbro Mart Inventory,,4.99,
,055000216500,Maison Perrier 330ml,,grocery,Soda,,,,,,Scarbro Mart Inventory,,1.99,
,06748809,Powerade Melon Pineapple 710ml,,grocery,Sports,,,,,,Scarbro Mart Inventory,,2.99,
,898999000022,Vita Coco Coconut water 330ml,,grocery,Drinks,,,,,,Scarbro Mart Inventory,,2.49,
,643843714828,Premier Protein Vanilla 325ml,,grocery,Nutrition & Shakes,,,,,,Scarbro Mart Inventory,,3.31,
